"SNP","Observed_ctrl","Control_pvalue","Observed_crvi","CRVI_pvalue","Chromosome","Basepair","Control_FDR_Adj_p-value","CRVI_FDR_Adj_p-value","NA","NA","NA","NA"
"4:1000256",-0.240407764290559,0.00115847358158239,-0.216452456152949,0.002364123791746,0.0483523832630442,0.524721963653271,0.0278088540720816,0,"4",1000256,0.0105315780143854,0.00855126614481125
"4:1000867",-0.312117981909107,8.1237112422361e-05,-0.347563272278292,4.17675498831649e-06,-0.0813102141098958,0.32391496463218,0.0498945760703737,0,"4",1000867,0.00162474224844722,0.000147608761613682
"4:1008327",-0.363690473689986,0.000530614185309641,-0.342442470636159,0.000435245572715459,0.00733010076517491,0.945842093543573,0.0314379339313924,0,"4",1008327,0.00663267731637051,0.00250228191364052
"4:1023970",-0.295281794924239,0.000881846371170836,-0.30897006029278,0.000244535616256814,-0.0538742613370693,0.557996854685923,0.200596273165565,0,"4",1023970,0.00881846371170836,0.0018145558768826
"4:1024636",-0.52441881317651,4.56399833501653e-05,-0.350691516445527,0.00308336772311679,0.198615140093523,0.146149169811392,0.0355393792015922,0,"4",1024636,0.00162474224844722,0.0106323024935062
"4:1024771",-0.441924288776008,6.7029078542058e-05,-0.400978527246546,0.000193765527184642,0.0349543837673195,0.771189130194392,0.0950874831690153,0,"4",1024771,0.00162474224844722,0.00168691563329585
"4:1025762",-0.377768906842694,5.13892326765575e-05,-0.454620920384667,5.70571413671672e-07,-0.0641771652783441,0.522614875836636,0.0151476916488729,0,"4",1025762,0.00162474224844722,5.70571413671672e-05
"4:1030460",0.192106110119306,0.00654980504458336,0.297708545975455,1.50522789341689e-05,0.109536648308069,0.132012256866088,0.0194196337581813,0,"4",1030460,0.0436653669638891,0.000376306973354222
"4:1038868",-0.277495825812338,0.00139808673224828,-0.341958856325215,3.67345649621154e-05,-0.0848403279228269,0.348348552817258,0.0701840930237016,0,"4",1038868,0.0116507227687357,0.000524779499458791
"4:1048998",0.336987116571456,0.000235854279116099,0.249594636878533,0.00537673303199293,-0.104764178873343,0.261151725294719,0.154733053887705,0,"4",1048998,0.0033693468445157,0.0168022907249779
